{
    "loss": 0.1854402720928192,
    "accuracy": 0.9064748287200928
}